/*
SQLyog Ultimate v12.09 (32 bit)
MySQL - 5.5.53 : Database - mysql_db
*********************************************************************
*/

/*!40101 SET NAMES utf8 */;

/*!40101 SET SQL_MODE=''*/;

/*!40014 SET @OLD_UNIQUE_CHECKS=@@UNIQUE_CHECKS, UNIQUE_CHECKS=0 */;
/*!40014 SET @OLD_FOREIGN_KEY_CHECKS=@@FOREIGN_KEY_CHECKS, FOREIGN_KEY_CHECKS=0 */;
/*!40101 SET @OLD_SQL_MODE=@@SQL_MODE, SQL_MODE='NO_AUTO_VALUE_ON_ZERO' */;
/*!40111 SET @OLD_SQL_NOTES=@@SQL_NOTES, SQL_NOTES=0 */;
CREATE DATABASE /*!32312 IF NOT EXISTS*/`mysql_db` /*!40100 DEFAULT CHARACTER SET utf8 */;

USE `mysql_db`;

/*Table structure for table `jiangping` */

DROP TABLE IF EXISTS `jiangping`;

CREATE TABLE `jiangping` (
  `id` int(11) NOT NULL AUTO_INCREMENT,
  `name` varchar(100) DEFAULT NULL COMMENT '奖品类型',
  `number` int(11) DEFAULT '0' COMMENT '奖品剩余数量',
  `content` varchar(100) DEFAULT NULL COMMENT '奖品内容',
  `gailv` double DEFAULT '0',
  `img` varchar(1000) DEFAULT NULL,
  PRIMARY KEY (`id`)
) ENGINE=MyISAM AUTO_INCREMENT=37 DEFAULT CHARSET=utf8;

/*Data for the table `jiangping` */

insert  into `jiangping`(`id`,`name`,`number`,`content`,`gailv`,`img`) values (1,'特等奖',0,'笔记本电脑',0.5,'http://localhost/web/upload/jiangpin/5b6d429b7fead.png'),(2,'一等奖',2,'iWatch',0,'http://localhost/web/public/static/index/imgs/jiangping1.png'),(3,'二等奖',197,'精美环保袋+学习礼包',1,'http://localhost/web/public/static/index/imgs/jiangping2.png'),(4,'三等奖',-1,'大海1对1 6课时课程报800元优惠券',0.2,'http://localhost/web/public/static/index/imgs/jiangping4.png'),(5,'四等奖',-1,'大海1对1 6课时课程报500元优惠券',0.6,'http://localhost/web/public/static/index/imgs/jiangping3.png'),(6,'没中奖',-1,'很遗憾，您没有中奖',1,'http://localhost/web/upload/jiangpin/5b62b1df99f2a.png');

/*Table structure for table `log` */

DROP TABLE IF EXISTS `log`;

CREATE TABLE `log` (
  `id` int(11) NOT NULL AUTO_INCREMENT,
  `time` timestamp NOT NULL DEFAULT CURRENT_TIMESTAMP ON UPDATE CURRENT_TIMESTAMP,
  `user_id` int(11) NOT NULL,
  `jiangping` varchar(20) NOT NULL,
  `address` varchar(100) DEFAULT NULL,
  `phone` varchar(11) DEFAULT NULL,
  `user_name` varchar(50) DEFAULT NULL,
  `type` int(1) DEFAULT '0',
  PRIMARY KEY (`id`)
) ENGINE=MyISAM AUTO_INCREMENT=166 DEFAULT CHARSET=utf8;

/*Data for the table `log` */

insert  into `log`(`id`,`time`,`user_id`,`jiangping`,`address`,`phone`,`user_name`,`type`) values (2,'2018-08-02 20:31:04',2,'精美环保袋+学习礼包','西长安街174号中南海新华门','78945612301','李四',0),(3,'2018-08-02 20:31:11',1,'大海1对1 6课时课程报500元优惠券','地址','10086','张三',0),(4,'2018-08-02 20:31:11',1,'很遗憾，您没有中奖','地址','10086','张三',0),(5,'2018-08-02 20:31:11',1,'很遗憾，您没有中奖','地址','10086','张三',0),(6,'2018-08-02 20:31:11',1,'很遗憾，您没有中奖','地址','10086','张三',0),(7,'2018-08-02 20:31:11',1,'大海1对1 6课时课程报500元优惠券','地址','10086','张三',0),(8,'2018-08-02 20:31:11',1,'很遗憾，您没有中奖','地址','10086','张三',0),(9,'2018-08-02 20:31:11',1,'大海1对1 6课时课程报500元优惠券','地址','10086','张三',0),(10,'2018-08-02 20:31:11',1,'很遗憾，您没有中奖','地址','10086','张三',0),(11,'2018-08-02 20:31:11',1,'大海1对1 6课时课程报500元优惠券','地址','10086','张三',0),(12,'2018-08-02 20:31:11',1,'很遗憾，您没有中奖','地址','10086','张三',0),(13,'2018-08-02 20:31:11',1,'大海1对1 6课时课程报500元优惠券','地址','10086','张三',0),(14,'2018-08-02 20:31:11',1,'很遗憾，您没有中奖','地址','10086','张三',0),(15,'2018-08-02 20:31:11',1,'iWatch一个','地址','10086','张三',0),(16,'2018-08-02 20:31:11',1,'很遗憾，您没有中奖','地址','10086','张三',0),(17,'2018-08-02 20:31:11',1,'很遗憾，您没有中奖','地址','10086','张三',0),(18,'2018-08-02 20:31:11',1,'大海1对1 6课时课程报500元优惠券','地址','10086','张三',0),(19,'2018-08-02 20:31:11',1,'大海1对1 6课时课程报500元优惠券','地址','10086','张三',0),(20,'2018-08-02 20:31:11',1,'很遗憾，您没有中奖','地址','10086','张三',0),(21,'2018-08-02 20:31:11',1,'很遗憾，您没有中奖','地址','10086','张三',0),(22,'2018-08-02 20:31:11',1,'很遗憾，您没有中奖','地址','10086','张三',0),(23,'2018-08-02 20:31:11',1,'很遗憾，您没有中奖','地址','10086','张三',0),(24,'2018-08-02 20:31:11',1,'很遗憾，您没有中奖','地址','10086','张三',0),(25,'2018-08-02 20:31:11',1,'很遗憾，您没有中奖','地址','10086','张三',0),(26,'2018-08-02 20:31:11',1,'大海1对1 6课时课程报800元优惠券','地址','10086','张三',0),(27,'2018-08-02 20:31:11',1,'很遗憾，您没有中奖','地址','10086','张三',0),(28,'2018-08-02 20:31:11',1,'很遗憾，您没有中奖','地址','10086','张三',0),(29,'2018-08-02 20:31:11',1,'大海1对1 6课时课程报800元优惠券','地址','10086','张三',0),(30,'2018-08-02 20:31:11',1,'很遗憾，您没有中奖','地址','10086','张三',0),(31,'2018-08-02 20:31:11',1,'大海1对1 6课时课程报500元优惠券','地址','10086','张三',0),(32,'2018-08-02 20:31:11',1,'大海1对1 6课时课程报500元优惠券','地址','10086','张三',0),(33,'2018-08-02 20:31:11',1,'很遗憾，您没有中奖','地址','10086','张三',0),(34,'2018-08-02 20:31:11',1,'很遗憾，您没有中奖','地址','10086','张三',0),(35,'2018-08-02 20:31:11',1,'很遗憾，您没有中奖','地址','10086','张三',0),(36,'2018-08-02 20:31:11',1,'很遗憾，您没有中奖','地址','10086','张三',0),(37,'2018-08-02 20:31:11',1,'很遗憾，您没有中奖','地址','10086','张三',0),(38,'2018-08-02 20:31:11',1,'很遗憾，您没有中奖','地址','10086','张三',0),(39,'2018-08-02 20:31:11',1,'大海1对1 6课时课程报500元优惠券','地址','10086','张三',0),(40,'2018-08-02 20:31:11',1,'大海1对1 6课时课程报500元优惠券','地址','10086','张三',0),(41,'2018-08-02 20:31:11',1,'大海1对1 6课时课程报500元优惠券','地址','10086','张三',0),(42,'2018-08-02 20:31:11',1,'很遗憾，您没有中奖','地址','10086','张三',0),(43,'2018-08-02 20:31:11',1,'很遗憾，您没有中奖','地址','10086','张三',0),(44,'2018-08-02 20:31:11',1,'很遗憾，您没有中奖','地址','10086','张三',0),(45,'2018-08-02 20:31:11',1,'大海1对1 6课时课程报500元优惠券','地址','10086','张三',0),(46,'2018-08-02 20:31:11',1,'大海1对1 6课时课程报500元优惠券','地址','10086','张三',0),(47,'2018-08-02 20:31:11',1,'大海1对1 6课时课程报500元优惠券','地址','10086','张三',0),(48,'2018-08-02 20:31:11',1,'很遗憾，您没有中奖','地址','10086','张三',0),(49,'2018-08-02 20:31:11',1,'大海1对1 6课时课程报500元优惠券','地址','10086','张三',0),(50,'2018-08-02 20:31:11',1,'很遗憾，您没有中奖','地址','10086','张三',0),(51,'2018-08-02 20:31:11',1,'大海1对1 6课时课程报500元优惠券','地址','10086','张三',0),(52,'2018-08-02 20:31:11',1,'大海1对1 6课时课程报500元优惠券','地址','10086','张三',0),(53,'2018-08-02 20:31:11',1,'大海1对1 6课时课程报500元优惠券','地址','10086','张三',0),(54,'2018-08-02 20:31:11',1,'大海1对1 6课时课程报500元优惠券','地址','10086','张三',0),(55,'2018-08-02 20:31:11',1,'很遗憾，您没有中奖','地址','10086','张三',0),(56,'2018-08-02 20:31:11',1,'很遗憾，您没有中奖','地址','10086','张三',0),(57,'2018-08-02 20:31:11',1,'大海1对1 6课时课程报500元优惠券','地址','10086','张三',0),(58,'2018-08-02 20:31:11',1,'大海1对1 6课时课程报500元优惠券','地址','10086','张三',0),(59,'2018-08-02 20:31:11',1,'很遗憾，您没有中奖','地址','10086','张三',0),(60,'2018-08-02 20:31:11',1,'iWatch一个','地址','10086','张三',0),(61,'2018-08-02 20:31:11',1,'很遗憾，您没有中奖','地址','10086','张三',0),(62,'2018-08-02 20:31:11',1,'很遗憾，您没有中奖','地址','10086','张三',0),(63,'2018-08-02 20:31:11',1,'大海1对1 6课时课程报500元优惠券','地址','10086','张三',0),(64,'2018-08-02 20:31:11',1,'大海1对1 6课时课程报500元优惠券','地址','10086','张三',0),(65,'2018-08-02 20:31:11',1,'大海1对1 6课时课程报500元优惠券','地址','10086','张三',0),(66,'2018-08-02 20:31:11',1,'精美环保袋+学习礼包','地址','10086','张三',0),(67,'2018-08-02 20:31:11',1,'很遗憾，您没有中奖','地址','10086','张三',0),(68,'2018-08-02 20:31:11',1,'大海1对1 6课时课程报800元优惠券','地址','10086','张三',0),(69,'2018-08-02 20:31:11',1,'大海1对1 6课时课程报500元优惠券','地址','10086','张三',0),(70,'2018-08-02 20:31:11',1,'很遗憾，您没有中奖','地址','10086','张三',0),(71,'2018-08-02 20:31:11',1,'很遗憾，您没有中奖','地址','10086','张三',0),(72,'2018-08-02 20:31:11',1,'很遗憾，您没有中奖','地址','10086','张三',0),(73,'2018-08-02 20:31:11',1,'大海1对1 6课时课程报500元优惠券','地址','10086','张三',0),(74,'2018-08-02 20:31:11',1,'大海1对1 6课时课程报500元优惠券','地址','10086','张三',0),(75,'2018-08-02 20:31:11',1,'大海1对1 6课时课程报500元优惠券','地址','10086','张三',0),(76,'2018-08-02 20:31:11',1,'很遗憾，您没有中奖','地址','10086','张三',0),(77,'2018-08-02 20:31:11',1,'大海1对1 6课时课程报500元优惠券','地址','10086','张三',0),(78,'2018-08-02 20:31:11',1,'很遗憾，您没有中奖','地址','10086','张三',0),(79,'2018-08-02 20:31:11',1,'大海1对1 6课时课程报500元优惠券','地址','10086','张三',0),(80,'2018-08-02 20:31:11',1,'大海1对1 6课时课程报500元优惠券','地址','10086','张三',0),(81,'2018-08-02 20:31:11',1,'很遗憾，您没有中奖','地址','10086','张三',0),(82,'2018-08-02 20:31:11',1,'大海1对1 6课时课程报500元优惠券','地址','10086','张三',0),(83,'2018-08-02 20:31:11',1,'大海1对1 6课时课程报500元优惠券','地址','10086','张三',0),(84,'2018-08-02 20:31:11',1,'精美环保袋+学习礼包','地址','10086','张三',0),(85,'2018-08-02 20:31:11',1,'很遗憾，您没有中奖','地址','10086','张三',0),(86,'2018-08-02 20:31:11',1,'很遗憾，您没有中奖','地址','10086','张三',0),(87,'2018-08-02 20:31:11',1,'大海1对1 6课时课程报500元优惠券','地址','10086','张三',0),(88,'2018-08-02 20:31:11',1,'很遗憾，您没有中奖','地址','10086','张三',0),(89,'2018-08-02 20:31:11',1,'大海1对1 6课时课程报800元优惠券','地址','10086','张三',0),(90,'2018-08-02 20:31:11',1,'笔记本电脑','','','',0),(91,'2018-08-02 20:31:11',1,'笔记本电脑','','','',0),(92,'2018-08-02 20:31:11',1,'笔记本电脑','','','',0),(93,'2018-08-02 20:31:11',1,'笔记本电脑','','','',0),(94,'2018-08-02 20:31:11',1,'测试2','','','',0),(95,'2018-08-02 20:31:11',1,'测试','','','',0),(96,'2018-08-02 20:31:11',1,'测试','','','',0),(97,'2018-08-02 20:31:11',1,'测试2','','','',0),(98,'2018-08-02 20:31:11',1,'测试2','','','',0),(99,'2018-08-02 20:31:11',1,'测试','','','',0),(100,'2018-08-02 20:31:11',1,'测试','','','',0),(101,'2018-08-02 20:31:11',1,'测试','','','',0),(102,'2018-08-02 20:31:11',1,'测试','','','',0),(103,'2018-08-02 20:31:11',1,'测试','','','',0),(104,'2018-08-02 20:31:11',1,'很遗憾，您没有中奖','','','',0),(105,'2018-08-02 20:31:11',1,'笔记本电脑','','','',0),(106,'2018-08-02 20:31:11',1,'笔记本电脑',NULL,NULL,NULL,0),(107,'2018-08-02 20:31:11',1,'笔记本电脑',NULL,NULL,NULL,0),(108,'2018-08-02 20:31:11',1,'笔记本电脑',NULL,NULL,NULL,0),(109,'2018-08-02 20:31:11',1,'很遗憾，您没有中奖',NULL,NULL,NULL,0),(110,'2018-08-02 20:31:11',1,'很遗憾，您没有中奖',NULL,NULL,NULL,0),(111,'2018-08-02 20:31:11',1,'笔记本电脑',NULL,NULL,NULL,0),(112,'2018-08-02 20:31:11',1,'很遗憾，您没有中奖',NULL,NULL,NULL,0),(113,'2018-08-02 20:31:11',1,'笔记本电脑',NULL,NULL,NULL,0),(114,'2018-08-02 20:31:11',1,'笔记本电脑',NULL,NULL,NULL,0),(115,'2018-08-02 20:31:11',1,'很遗憾，您没有中奖',NULL,NULL,NULL,0),(116,'2018-08-02 20:31:11',1,'很遗憾，您没有中奖',NULL,NULL,NULL,0),(117,'2018-08-02 20:31:11',1,'笔记本电脑',NULL,NULL,NULL,0),(118,'2018-08-02 20:31:11',1,'很遗憾，您没有中奖',NULL,NULL,NULL,0),(119,'2018-08-02 20:31:11',1,'很遗憾，您没有中奖',NULL,NULL,NULL,0),(120,'2018-08-02 20:31:11',1,'很遗憾，您没有中奖',NULL,NULL,NULL,0),(121,'2018-08-02 20:31:11',1,'很遗憾，您没有中奖',NULL,NULL,NULL,0),(122,'2018-08-02 20:31:11',1,'很遗憾，您没有中奖',NULL,NULL,NULL,0),(123,'2018-08-02 20:31:11',1,'笔记本电脑',NULL,NULL,NULL,0),(124,'2018-08-02 20:31:11',1,'很遗憾，您没有中奖',NULL,NULL,NULL,0),(125,'2018-08-02 20:31:11',1,'测试',NULL,NULL,NULL,0),(126,'2018-08-02 20:31:11',1,'很遗憾，您没有中奖',NULL,NULL,NULL,0),(127,'2018-08-02 20:31:11',1,'很遗憾，您没有中奖',NULL,NULL,NULL,0),(128,'2018-08-02 20:31:11',1,'测试',NULL,NULL,NULL,0),(129,'2018-08-02 20:31:11',1,'很遗憾，您没有中奖',NULL,NULL,NULL,0),(130,'2018-08-02 20:31:11',1,'很遗憾，您没有中奖',NULL,NULL,NULL,0),(131,'2018-08-02 20:31:11',1,'很遗憾，您没有中奖',NULL,NULL,NULL,0),(132,'2018-08-02 20:31:11',1,'很遗憾，您没有中奖',NULL,NULL,NULL,0),(133,'2018-08-02 20:31:11',1,'很遗憾，您没有中奖',NULL,NULL,NULL,0),(134,'2018-08-02 20:31:11',1,'测试2',NULL,NULL,NULL,0),(135,'2018-08-02 20:31:11',1,'很遗憾，您没有中奖',NULL,NULL,NULL,0),(136,'2018-08-02 20:31:11',1,'很遗憾，您没有中奖',NULL,NULL,NULL,0),(137,'2018-08-02 20:31:11',1,'很遗憾，您没有中奖',NULL,NULL,NULL,0),(138,'2018-08-02 20:31:11',1,'很遗憾，您没有中奖',NULL,NULL,NULL,0),(139,'2018-08-02 20:31:11',1,'很遗憾，您没有中奖',NULL,NULL,NULL,0),(140,'2018-08-02 20:31:11',1,'测试',NULL,NULL,NULL,0),(141,'2018-08-02 20:31:11',1,'很遗憾，您没有中奖',NULL,NULL,NULL,0),(142,'2018-08-02 20:31:11',1,'很遗憾，您没有中奖',NULL,NULL,NULL,0),(143,'2018-08-02 20:31:11',1,'很遗憾，您没有中奖','北京............','10086','雷锋',0),(144,'2018-08-02 20:31:11',1,'测试2',NULL,NULL,NULL,0),(145,'2018-08-02 20:31:11',1,'大海1对1 6课时课程报500元优惠券',NULL,NULL,NULL,0),(154,'2018-08-09 19:35:51',1,'大海1对1 6课时课程报500元优惠券',NULL,NULL,NULL,0),(155,'2018-08-09 19:36:07',1,'很遗憾，您没有中奖',NULL,NULL,NULL,0),(156,'2018-08-09 19:37:47',1,'大海1对1 6课时课程报500元优惠券',NULL,NULL,NULL,0),(157,'2018-08-09 19:38:54',1,'很遗憾，您没有中奖',NULL,NULL,NULL,0),(158,'2018-08-09 22:43:25',1,'很遗憾，您没有中奖',NULL,NULL,NULL,0),(159,'2018-08-10 15:48:16',1,'很遗憾，您没有中奖',NULL,NULL,NULL,0),(160,'2018-08-10 15:48:53',1,'大海1对1 6课时课程报500元优惠券',NULL,NULL,NULL,0),(161,'2018-08-10 15:48:54',1,'大海1对1 6课时课程报800元优惠券',NULL,NULL,NULL,0),(162,'2018-08-10 15:49:29',1,'大海1对1 6课时课程报800元优惠券',NULL,NULL,NULL,0),(163,'2018-08-10 15:51:32',1,'很遗憾，您没有中奖',NULL,NULL,NULL,0),(164,'2018-08-10 15:52:14',1,'精美环保袋+学习礼包',NULL,NULL,NULL,0),(165,'2018-08-10 15:54:50',1,'精美环保袋+学习礼包','asdas','18984','21212',0),(149,'2018-08-02 20:31:11',1,'很遗憾，您没有中奖',NULL,NULL,NULL,0),(148,'2018-08-02 20:31:11',1,'大海1对1 6课时课程报500元优惠券',NULL,NULL,NULL,0),(147,'2018-08-02 20:31:11',1,'很遗憾，您没有中奖',NULL,NULL,NULL,0),(150,'2018-08-02 20:33:01',1,'大海1对1 6课时课程报500元优惠券',NULL,NULL,NULL,0),(146,'2018-08-02 20:31:11',1,'很遗憾，您没有中奖',NULL,NULL,NULL,0),(153,'2018-08-09 19:35:32',1,'很遗憾，您没有中奖',NULL,NULL,NULL,0),(152,'2018-08-02 20:42:40',1,'大海1对1 6课时课程报800元优惠券',NULL,NULL,NULL,0),(151,'2018-08-02 20:41:08',1,'大海1对1 6课时课程报500元优惠券',NULL,NULL,NULL,0);

/*Table structure for table `set` */

DROP TABLE IF EXISTS `set`;

CREATE TABLE `set` (
  `id` int(11) NOT NULL AUTO_INCREMENT,
  `name` varchar(50) DEFAULT NULL,
  `content` varchar(1000) DEFAULT NULL,
  PRIMARY KEY (`id`)
) ENGINE=MyISAM AUTO_INCREMENT=7 DEFAULT CHARSET=utf8;

/*Data for the table `set` */

insert  into `set`(`id`,`name`,`content`) values (1,'活动规则','<p>\r\n												</p><p>\r\n												</p><p>\r\n												</p><p>\r\n												</p><p>\r\n												</p><p>\r\n												</p><p>\r\n												</p><p>\r\n												</p><p>\r\n												</p><p><font color=\"#46acc8\"><i><br></i></font></p><p><font color=\"#46acc8\"><i><br></i></font></p><p><font color=\"#46acc8\"><i><br></i></font></p><h1><font color=\"#000000\">\r\n												测试文字测试文字测试文字测试文字测试文字测试文字</font></h1><p></p><p></p><p><br></p><p></p><p style=\"text-align: center;\"><img src=\"http://localhost/web/upload/jiangpin/5b6c539050a98.png\" style=\"max-width:100%;\" class=\"\"><br></p><p></p><p><br></p><p></p><p><br></p><p></p><p><br></p><p></p><p><br></p><p></p><p><br></p>'),(6,'bg','http://localhost/web/upload/bg/5b6294fe70d68.png');

/*Table structure for table `user` */

DROP TABLE IF EXISTS `user`;

CREATE TABLE `user` (
  `id` int(11) NOT NULL AUTO_INCREMENT,
  `name` varchar(20) NOT NULL,
  `phone` varchar(15) NOT NULL,
  `cishu` int(10) NOT NULL DEFAULT '0' COMMENT '剩余抽奖次数',
  `yaoqingma` varchar(70) DEFAULT NULL COMMENT '邀请码',
  `nianji` varchar(50) DEFAULT NULL COMMENT '年级',
  PRIMARY KEY (`id`)
) ENGINE=MyISAM AUTO_INCREMENT=3 DEFAULT CHARSET=utf8;

/*Data for the table `user` */

insert  into `user`(`id`,`name`,`phone`,`cishu`,`yaoqingma`,`nianji`) values (1,'张三','12345678901',0,NULL,'3年级'),(2,'李四','12345678901',0,NULL,'4年级');

/*!40101 SET SQL_MODE=@OLD_SQL_MODE */;
/*!40014 SET FOREIGN_KEY_CHECKS=@OLD_FOREIGN_KEY_CHECKS */;
/*!40014 SET UNIQUE_CHECKS=@OLD_UNIQUE_CHECKS */;
/*!40111 SET SQL_NOTES=@OLD_SQL_NOTES */;
